user_input,retrieved_contexts,response,reference,faithfulness,answer_relevancy,context_precision,context_recall
What is Artificial Intelligence?,"['Existential risk\nRecent public debates in artificial intelligence have increasingly focused on its broader societal and ethical implications. It has been argued AI will become so powerful that humanity may irreversibly lose control of it. This could, as physicist Stephen Hawking stated, ""spell the end of the human race"". This scenario has been common in science fiction, when a computer or robot suddenly develops a human-like ""self-awareness"" (or ""sentience"" or ""consciousness"") and becomes a malevolent character. These sci-fi scenarios are misleading in several ways.', 'Social intelligence\nAffective computing is a field that comprises systems that recognize, interpret, process, or simulate human feeling, emotion, and mood. For example, some virtual assistants are programmed to speak conversationally or even to banter humorously; it makes them appear more sensitive to the emotional dynamics of human interaction, or to otherwise facilitate human–computer interaction.\nHowever, this tends to give naïve users an unrealistic conception of the intelligence of existing computer agents. Moderate successes related to affective computing include textual sentiment analysis and, more recently, multimodal sentiment analysis, wherein AI classifies the effects displayed by a videotaped subject.\n\nGeneral intelligence\nA machine with artificial general intelligence would be able to solve a wide variety of problems with breadth and versatility similar to human intelligence.\n\nTechniques\nAI research uses a wide variety of techniques to accomplish the goals above.', 'Artificial intelligence (AI) is the capability of computational systems to perform tasks typically associated with human intelligence, such as learning, reasoning, problem-solving, perception, and decision-making. It is a field of research in engineering, mathematics and computer science that develops and studies methods and software that enable machines to perceive their environment and use learning and intelligence to take actions that maximize their chances of achieving defined goals.\nHigh-profile applications of AI include advanced web search engines, chatbots, virtual assistants, autonomous vehicles, and play and analysis in strategy games (e.g., chess and Go). Since the 2020s, generative AI has become widely available to generate images, audio, and videos from text prompts.', ""Narrow vs. general AI\nAI researchers are divided as to whether to pursue the goals of artificial general intelligence and superintelligence directly or to solve as many specific problems as possible (narrow AI) in hopes these solutions will lead indirectly to the field's long-term goals. General intelligence is difficult to define and difficult to measure, and modern AI has had more verifiable successes by focusing on specific problems with specific solutions. The sub-field of artificial general intelligence studies this area exclusively."", 'Artificial neural networks\nArtificial neural networks (ANNs), or connectionist systems, are computing systems vaguely inspired by the biological neural networks that constitute animal brains. Such systems ""learn"" to perform tasks by considering examples, generally without being programmed with any task-specific rules.']","Artificial intelligence (AI) is the capability of computational systems to perform tasks typically associated with human intelligence, such as learning, reasoning, problem-solving, perception, and decision-making.","AI is the simulation of human intelligence by computers, enabling tasks like visual perception, speech recognition, decision-making, and language translation.",1.0,0.7686798298426804,0.5888888888692593,1.0
What are the main types of AI?,"[""Narrow vs. general AI\nAI researchers are divided as to whether to pursue the goals of artificial general intelligence and superintelligence directly or to solve as many specific problems as possible (narrow AI) in hopes these solutions will lead indirectly to the field's long-term goals. General intelligence is difficult to define and difficult to measure, and modern AI has had more verifiable successes by focusing on specific problems with specific solutions. The sub-field of artificial general intelligence studies this area exclusively."", 'Evaluating approaches to AI\nNo established unifying theory or paradigm has guided AI research for most of its history. The unprecedented success of statistical machine learning in the 2010s eclipsed all other approaches (so much so that some sources, especially in the business world, use the term ""artificial intelligence"" to mean ""machine learning with neural networks""). This approach is mostly sub-symbolic, soft and narrow.', 'Social intelligence\nAffective computing is a field that comprises systems that recognize, interpret, process, or simulate human feeling, emotion, and mood. For example, some virtual assistants are programmed to speak conversationally or even to banter humorously; it makes them appear more sensitive to the emotional dynamics of human interaction, or to otherwise facilitate human–computer interaction.\nHowever, this tends to give naïve users an unrealistic conception of the intelligence of existing computer agents. Moderate successes related to affective computing include textual sentiment analysis and, more recently, multimodal sentiment analysis, wherein AI classifies the effects displayed by a videotaped subject.\n\nGeneral intelligence\nA machine with artificial general intelligence would be able to solve a wide variety of problems with breadth and versatility similar to human intelligence.\n\nTechniques\nAI research uses a wide variety of techniques to accomplish the goals above.', 'Neat vs. scruffy\n""Neats"" hope that intelligent behavior is described using simple, elegant principles (such as logic, optimization, or neural networks). ""Scruffies"" expect that it necessarily requires solving a large number of unrelated problems. Neats defend their programs with theoretical rigor, scruffies rely mainly on incremental testing to see if they work. This issue was actively discussed in the 1970s and 1980s, but eventually was seen as irrelevant. Modern AI has elements of both.\n\nSoft vs. hard computing\nFinding a provably correct or optimal solution is intractable for many important problems. Soft computing is a set of techniques, including genetic algorithms, fuzzy logic and neural networks, that are tolerant of imprecision, uncertainty, partial truth and approximation. Soft computing was introduced in the late 1980s and most successful AI programs in the 21st century are examples of soft computing with neural networks.', 'Artificial intelligence (AI) is the capability of computational systems to perform tasks typically associated with human intelligence, such as learning, reasoning, problem-solving, perception, and decision-making. It is a field of research in engineering, mathematics and computer science that develops and studies methods and software that enable machines to perceive their environment and use learning and intelligence to take actions that maximize their chances of achieving defined goals.\nHigh-profile applications of AI include advanced web search engines, chatbots, virtual assistants, autonomous vehicles, and play and analysis in strategy games (e.g., chess and Go). Since the 2020s, generative AI has become widely available to generate images, audio, and videos from text prompts.']","The main types of AI can be categorized into two main areas: Narrow AI and General AI (also known as Artificial General Intelligence). Narrow AI focuses on solving specific problems with specific solutions, whereas General AI aims to create a machine that can solve a wide variety of problems with breadth and versatility similar to human intelligence.","AI types include Narrow AI (task-specific), General AI (human-like intelligence), and Super AI (surpasses humans). Currently, only Narrow AI exists.",1.0,0.832858077124683,0.9999999999666667,1.0
What is the difference between AI and Machine Learning?,"['Machine learning (ML) is a field of study in artificial intelligence concerned with the development and study of statistical algorithms that can learn from  data and generalize to unseen data, and thus perform tasks without being explicitly programmed. Advances in the field of deep learning have allowed neural networks, a class of statistical algorithms, to surpass many previous machine learning approaches in performance.\nStatistics and mathematical optimisation methods compose the foundations of machine learning. Data mining is a related field of study, focusing on exploratory data analysis (EDA) through unsupervised learning.\nFrom a theoretical viewpoint, probably approximately correct learning provides a mathematical and statistical framework for describing machine learning. Most traditional machine learning and deep learning algorithms can be described as empirical risk minimisation under this framework.', 'Relationships to other fields\nArtificial intelligence\nAs a scientific endeavour, machine learning grew out of the quest for artificial intelligence (AI). In the early days of AI as an academic discipline, some researchers were interested in having machines learn from data. They attempted to approach the problem with various symbolic methods, as well as what were then termed ""neural networks""; these were mostly perceptrons and other models that were later found to be reinventions of the generalised linear models of statistics. Probabilistic reasoning was also employed, especially in automated medical diagnosis.', 'Machine learning (ML), reorganised and recognised as its own field, started to flourish in the 1990s. The field changed its goal from achieving artificial intelligence to tackling solvable problems of a practical nature. It shifted focus away from the symbolic approaches it had inherited from AI, and toward methods and models borrowed from statistics, fuzzy logic, and probability theory.', 'History\nThe term machine learning was coined in 1959 by Arthur Samuel, an IBM employee and pioneer in the field of computer gaming and artificial intelligence. The synonym self-teaching computers was also used during this time period.', 'Learning\nMachine learning is the study of programs that can improve their performance on a given task automatically. It has been a part of AI from the beginning.']","Machine learning (ML) grew out of the quest for artificial intelligence (AI), but it has shifted its focus from achieving AI to tackling solvable problems of a practical nature. AI was the original goal, while ML is a field of study that focuses on developing algorithms that can learn from data and generalize to unseen data. In other words, AI is the broader scientific endeavour, and ML is a subset of AI that concentrate on the development of statistical algorithms to perform tasks without being explicitly programmed.","AI is the broader field of creating intelligent systems, while Machine Learning is a subset focused on learning from data without explicit programming.",1.0,0.7616624670637993,0.94999999997625,1.0
What are some real-world applications of AI?,"[""Applications\nAI and machine learning technology is used in most of the essential applications of the 2020s, including:\n\nsearch engines (such as Google Search)\ntargeting online advertisements\nrecommendation systems (offered by Netflix, YouTube or Amazon) driving internet traffic\ntargeted advertising (AdSense, Facebook)\nvirtual assistants (such as Siri or Alexa)\nautonomous vehicles (including drones, ADAS and self-driving cars)\nautomatic language translation (Microsoft Translator, Google Translate)\nfacial recognition (Apple's FaceID or Microsoft's DeepFace and Google's FaceNet)\nimage labeling (used by Facebook, Apple's Photos and TikTok).\nThe deployment of AI may be overseen by a chief automation officer (CAO)."", 'Web search\nMicrosoft introduced Copilot Search in February 2023 under the name Bing Chat. Copilot Search provides AI-generated summaries.\nGoogle introduced an AI Mode at its Google I/O event on 20 May 2025.\n\nSexuality\nApplications of AI in this domain include AI-enabled menstruation and fertility trackers that analyze user data to offer predictions, AI-integrated sex toys (e.g., teledildonics), AI-generated sexual education content, and AI agents that simulate sexual and romantic partners (e.g., Replika). AI is also used for the production of non-consensual deepfake pornography, raising significant ethical and legal concerns.\nAI technologies have also been used to attempt to identify online gender-based violence and online sexual grooming of minors.', 'Military\nVarious countries are deploying AI military applications. The main applications enhance command and control, communications, sensors, integration and interoperability. Research is targeting intelligence collection and analysis, logistics, cyber operations, information operations, and semiautonomous and autonomous vehicles. AI technologies enable coordination of sensors and effectors, threat detection and identification, marking of enemy positions, target acquisition, coordination and deconfliction of distributed Joint Fires between networked combat vehicles, both human-operated and autonomous.\nAI has been used in military operations in Iraq, Syria, Israel and Ukraine.', ""Hardware and software\nIn the late 2010s, graphics processing units (GPUs) that were increasingly designed with AI-specific enhancements and used with specialized TensorFlow software had replaced previously used central processing unit (CPUs) as the dominant means for large-scale (commercial and academic) machine learning models' training. Specialized programming languages such as Prolog were used in early AI research, but general-purpose programming languages like Python have become predominant.\nThe transistor density in integrated circuits has been observed to roughly double every 18 months—a trend known as Moore's law, named after the Intel co-founder Gordon Moore, who first identified it. Improvements in GPUs have been even faster, a trend sometimes called Huang's law, named after Nvidia co-founder and CEO Jensen Huang.\n\nApplications\nAI and machine learning technology is used in most of the essential applications of the 2020s, including:"", 'Other industry-specific tasks\nIn a 2017 survey, one in five companies reported having incorporated ""AI"" in some offerings or processes. \nIn the field of evacuation and disaster management, AI has been used to investigate patterns in large-scale and small-scale evacuations using historical data from GPS, videos or social media.\nDuring the 2024 Indian elections, US$50 million was spent on authorized AI-generated content, notably by creating deepfakes of allied (including sometimes deceased) politicians to better engage with voters, and by translating speeches to various local languages.']","Some real-world applications of AI include:

1. Search engines (such as Google Search)
2. Targeting online advertisements
3. Recommendation systems (offered by Netflix, YouTube or Amazon)
4. Virtual assistants (such as Siri or Alexa)
5. Autonomous vehicles (including drones, ADAS and self-driving cars)
6. Automatic language translation (Microsoft Translator, Google Translate)
7. Facial recognition (Apple's FaceID or Microsoft's DeepFace and Google's FaceNet)
8. Image labeling (used by Facebook, Apple's Photos and TikTok)
9. Menstruation and fertility trackers
10. AI-integrated sex toys
11. AI-generated sexual education content
12. Military operations (such as command and control, communications, sensors, integration and interoperability)
13. Evacuation and disaster management
14. AI-generated content for elections (such as deepfakes and language translation)","AI applications include healthcare diagnosis, autonomous vehicles, fraud detection, chatbots, recommendation systems, and cybersecurity threat detection.",1.0,0.8350515146601273,0.9999999999,0.0
What are the advantages of Artificial Intelligence?,"['Ethics\nAI has potential benefits and potential risks. AI may be able to advance science and find solutions for serious problems: Demis Hassabis of DeepMind hopes to ""solve intelligence, and then use that to solve everything else"". However, as the use of AI has become widespread, several unintended consequences and risks have been identified. In-production systems can sometimes not factor ethics and bias into their AI training processes, especially when the AI algorithms are inherently unexplainable in deep learning.', 'Artificial intelligence (AI) is the capability of computational systems to perform tasks typically associated with human intelligence, such as learning, reasoning, problem-solving, perception, and decision-making. It is a field of research in engineering, mathematics and computer science that develops and studies methods and software that enable machines to perceive their environment and use learning and intelligence to take actions that maximize their chances of achieving defined goals.\nHigh-profile applications of AI include advanced web search engines, chatbots, virtual assistants, autonomous vehicles, and play and analysis in strategy games (e.g., chess and Go). Since the 2020s, generative AI has become widely available to generate images, audio, and videos from text prompts.', 'Substitution for human–human interaction\nWith the increase of loneliness in the early 21st century, AI is sometimes identified as a potential source of relief to this problem. It would be possible, via human-like qualities built into AI products, for individuals to assume that this need can be met by artificial means. In some cases, people approach artificial intelligence for companionship when they believe that they would not find acceptance due to feeling outcast. Examples of harm coming to humans from advanced chatbots have been reported in courts in the United States, with AI companies accused of creating products that endanger humans through emotional confusion or deception.', ""Hardware and software\nIn the late 2010s, graphics processing units (GPUs) that were increasingly designed with AI-specific enhancements and used with specialized TensorFlow software had replaced previously used central processing unit (CPUs) as the dominant means for large-scale (commercial and academic) machine learning models' training. Specialized programming languages such as Prolog were used in early AI research, but general-purpose programming languages like Python have become predominant.\nThe transistor density in integrated circuits has been observed to roughly double every 18 months—a trend known as Moore's law, named after the Intel co-founder Gordon Moore, who first identified it. Improvements in GPUs have been even faster, a trend sometimes called Huang's law, named after Nvidia co-founder and CEO Jensen Huang.\n\nApplications\nAI and machine learning technology is used in most of the essential applications of the 2020s, including:"", 'Social intelligence\nAffective computing is a field that comprises systems that recognize, interpret, process, or simulate human feeling, emotion, and mood. For example, some virtual assistants are programmed to speak conversationally or even to banter humorously; it makes them appear more sensitive to the emotional dynamics of human interaction, or to otherwise facilitate human–computer interaction.\nHowever, this tends to give naïve users an unrealistic conception of the intelligence of existing computer agents. Moderate successes related to affective computing include textual sentiment analysis and, more recently, multimodal sentiment analysis, wherein AI classifies the effects displayed by a videotaped subject.\n\nGeneral intelligence\nA machine with artificial general intelligence would be able to solve a wide variety of problems with breadth and versatility similar to human intelligence.\n\nTechniques\nAI research uses a wide variety of techniques to accomplish the goals above.']","According to Demis Hassabis of DeepMind, AI has the potential to advance science and find solutions for serious problems, with the goal of ""solving intelligence, and then using that to solve everything else"". Additionally, AI can perform tasks typically associated with human intelligence, such as learning, reasoning, problem-solving, perception, and decision-making, and has been applied in various fields, including web search engines, chatbots, virtual assistants, autonomous vehicles, and strategy games. AI may also provide relief to the problem of loneliness and can be used to recognize, interpret, process, or simulate human feeling, emotion, and mood.","AI advantages include faster data processing, 24/7 operation, automation of tasks, reduced human error, better decision-making, and personalized services.",1.0,0.7488403853751445,0.49999999995,0.0
