Q#,Question,Answer,Status,Length
1,What is artificial intelligence?,"Artificial intelligence (AI) is the capability of computational systems to perform tasks typically associated with human intelligence, such as learning, reasoning, problem-solving, perception, and decision-making. It is a field of research in engineering, mathematics and computer science that develops and studies methods and software that enable machines to perceive their environment and use learning and intelligence to take actions that maximize their chances of achieving defined goals.",Success,67
2,What is machine learning?,"Machine learning (ML) is a field of study in artificial intelligence concerned with the development and study of statistical algorithms that can learn from data and generalize to unseen data, and thus perform tasks without being explicitly programmed.",Success,38
3,What is deep learning?,"Deep learning refers to a class of machine learning algorithms in which a hierarchy of layers is used to transform input data into a progressively more abstract and composite representation. It uses several layers of neurons between the network's inputs and outputs, and the multiple layers can progressively extract higher-level features from the raw input.",Success,55
4,How do neural networks work?,"Neural networks work by considering examples to learn and improve their ability to do tasks, generally without task-specific programming. They are based on a collection of connected units called artificial neurons, which process and transmit signals to other neurons. The connections between neurons, called synapses, have weights that vary as learning proceeds, increasing or decreasing the strength of the signal. Neurons are typically organized in layers, with different layers performing different transformations on their inputs. Signals travel from the input layer to the output layer, possibly after traversing the layers multiple times. The network learns to model complex relationships between inputs and outputs and finds patterns in data through training algorithms, such as backpropagation.",Success,114
5,What is natural language processing?,"Natural language processing (NLP) allows programs to read, write and communicate in human languages. Specific problems include speech recognition, speech synthesis, machine translation, information extraction, information retrieval and question answering.",Success,30
6,What is computer vision?,Computer vision is the ability to analyze visual input.,Success,9
7,What is speech recognition?,I could not find that information in the knowledge base.,Not Found,10
8,What is robotics?,I could not find that information in the knowledge base.,Not Found,10
9,Who coined the term artificial intelligence?,I could not find that information in the knowledge base.,Not Found,10
10,What is the history of AI?,"The study of mechanical or ""formal"" reasoning began with philosophers and mathematicians in antiquity, leading to Alan Turing's theory of computation. This, along with discoveries in cybernetics, information theory, and neurobiology, led researchers to consider building an ""electronic brain"". The field of AI research was founded at a workshop at Dartmouth College in 1956, where the first AI program, Logic Theorist, was presented. Many areas of research, such as artificial neurons and the Turing test, were developed in the following years. AI went through cycles of optimism and disappointment, but funding and interest increased substantially after 2012, and an AI boom occurred in the 2020s with advances in generative AI.",Success,110
11,What is the Turing test?,"The Turing test is a measure of the ability of a machine to simulate human conversation, proposed by Alan Turing in 1950. It assesses whether a machine can exhibit intelligent behavior equivalent to, or indistinguishable from, that of a human.",Success,40
12,What is supervised learning?,"Supervised learning is a type of machine learning where the computer is presented with example inputs and their desired outputs, given by a ""teacher"", and the goal is to learn a general rule that maps inputs to outputs. Supervised learning algorithms build a mathematical model of a set of data that contains both the inputs and the desired outputs, and through iterative optimisation of an objective function, they learn a function that can be used to predict the output associated with new inputs.",Success,83
13,What is unsupervised learning?,"Unsupervised learning algorithms find structures in data that has not been labelled, classified or categorised. Instead of responding to feedback, unsupervised learning algorithms identify commonalities in the data and react based on the presence or absence of such commonalities in each new piece of data.",Success,45
14,What is reinforcement learning?,"Reinforcement learning is an area of machine learning concerned with how software agents ought to take actions in an environment to maximize some notion of cumulative reward. In reinforcement learning, the environment is typically represented as a Markov decision process (MDP), and the agent learns to choose responses that are classified as ""good"" through rewards and punishments. The goal is to learn a general rule that maps inputs to outputs, and the agent learns from experience by interacting with the dynamic environment.",Success,82
15,What is transfer learning?,Transfer learning is when the knowledge gained from one problem is applied to a new problem.,Success,16
16,What is TensorFlow?,I could not find that information in the knowledge base.,Not Found,10
17,What is PyTorch?,I could not find that information in the knowledge base.,Not Found,10
18,What hardware is used for AI training?,"Graphics processing units (GPUs), often with AI-specific enhancements, had displaced CPUs as the dominant method for training large-scale commercial cloud AI. Additionally, specialized hardware such as Tensor Processing Units (TPUs), neural processing units (NPUs), and deep learning processors are also used to speed up deep learning algorithms.",Success,47
19,What programming languages are used in AI?,"Specialized programming languages such as Prolog were used in early AI research, but general-purpose programming languages like Python have become predominant.",Success,21
20,What is quantum computing?,I could not find that information in the knowledge base.,Not Found,10
