question,answer,contexts,ground_truth,faithfulness,answer_relevancy,context_precision,context_recall
What is Artificial Intelligence?,"Artificial Intelligence (AI) is the capability of computational systems to perform tasks typically associated with human intelligence, such as learning, reasoning, problem-solving, perception, and decision-making. It is a field of research in engineering, mathematics, and computer science that develops and studies methods and software that enable machines to perceive their environment and use learning and intelligence to take actions that maximize their chances of achieving defined goals.","['Russell and Norvig agree with Turing that intelligence must be defined in terms of external behavior, not internal structure. However, they are critical that the test requires the machine to imitate humans. ""Aeronautical engineering texts"", they wrote, ""do not define the goal of their field as making \'machines that fly so exactly like pigeons that they can fool other pigeons.\'"" AI founder John McCarthy agreed, writing that ""Artificial intelligence is not, by definition, simulation of human intelligence"".\nMcCarthy defines intelligence as ""the computational part of the ability to achieve goals in the world"". Another AI founder, Marvin Minsky, similarly describes it as ""the ability to solve hard problems"". Artificial Intelligence: A Modern Approach defines it as the study of agents that perceive their environment and take actions that maximize their chances of achieving defined goals. \nThe many differing definitions of AI have been critically analyzed. During the 2020s AI boom, the term has been used as a marketing buzzword to promote products and services which do not use AI.\n\nLegal definitions\nThe International Organization for Standardization describes an AI system as a ""an engineered system that generates outputs such as content, forecasts, recommendations, or decisions for a given set of human‑defined objectives, and can operate with varying levels of automation"". The EU AI Act defines an AI system as ""a machine-based system that is designed to operate with varying levels of autonomy and that may exhibit adaptiveness after deployment, and that, for explicit or implicit objectives, infers, from the input it receives, how to generate outputs such as predictions, content, recommendations, or decisions that can influence physical or virtual environments"". In the United States, influential but non‑binding guidance such as the National Institute of Standards and Technology\'s AI Risk Management Framework describes an AI system as ""an engineered or machine-based system that can, for a given set of objectives, generate outputs such as predictions, recommendations, or decisions influencing real or virtual environments. AI systems are designed to operate with varying levels of autonomy"".'
 ""Artificial intelligence (AI) is the capability of computational systems to perform tasks typically associated with human intelligence, such as learning, reasoning, problem-solving, perception, and decision-making. It is a field of research in engineering, mathematics and computer science that develops and studies methods and software that enable machines to perceive their environment and use learning and intelligence to take actions that maximize their chances of achieving defined goals.\nHigh-profile applications of AI include advanced web search engines, chatbots, virtual assistants, autonomous vehicles, and play and analysis in strategy games (e.g., chess and Go). Since the 2020s, generative AI has become widely available to generate images, audio, and videos from text prompts.\nThe traditional goals of AI research include learning, reasoning, knowledge representation, planning, natural language processing, and perception, as well as support for robotics. To reach these goals, AI researchers have used techniques including state space search and mathematical optimization, formal logic, artificial neural networks, and methods based on statistics, operations research, and economics. AI also draws upon psychology, linguistics, philosophy, neuroscience, and other fields. Some companies, such as OpenAI, Google DeepMind and Meta, aim to create artificial general intelligence (AGI) – AI that can complete virtually any cognitive task at least as well as a human.\nArtificial intelligence was founded as an academic discipline in 1956, and the field went through multiple cycles of optimism throughout its history, followed by periods of disappointment and loss of funding, known as AI winters. Funding and interest increased substantially after 2012, when graphics processing units began being used to accelerate neural networks, and deep learning outperformed previous AI techniques. This growth accelerated further after 2017 with the transformer architecture. In the 2020s, an AI boom has coincided with advances in generative AI, which allowed for the creation and modification of media. In addition to AI safety and unintended consequences and harms from the use of AI, ethical concerns, AI's long-term effects, and potential existential risks have prompted discussions of AI regulation.""
 'Perception\nMachine perception is the ability to use input from sensors (such as cameras, microphones, wireless signals, active lidar, sonar, radar, and tactile sensors) to deduce aspects of the world. Computer vision is the ability to analyze visual input.\nThe field includes speech recognition, image classification, facial recognition, object recognition, object tracking, and robotic perception.\n\nSocial intelligence\nAffective computing is a field that comprises systems that recognize, interpret, process, or simulate human feeling, emotion, and mood. For example, some virtual assistants are programmed to speak conversationally or even to banter humorously; it makes them appear more sensitive to the emotional dynamics of human interaction, or to otherwise facilitate human–computer interaction.\nHowever, this tends to give naïve users an unrealistic conception of the intelligence of existing computer agents. Moderate successes related to affective computing include textual sentiment analysis and, more recently, multimodal sentiment analysis, wherein AI classifies the effects displayed by a videotaped subject.\n\nGeneral intelligence\nA machine with artificial general intelligence would be able to solve a wide variety of problems with breadth and versatility similar to human intelligence.\n\nTechniques\nAI research uses a wide variety of techniques to accomplish the goals above.\n\nSearch and optimization\nThere are two different kinds of search used in AI: state space search and local search:\n\nState space search\nState space search searches through a tree of possible states to try to find a goal state. For example, planning algorithms search through trees of goals and subgoals, attempting to find a path to a target goal, a process called means-ends analysis.\nSimple exhaustive searches are rarely sufficient for most real-world problems: the search space (the number of places to search) quickly grows to astronomical numbers. The result is a search that is too slow or never completes. ""Heuristics"" or ""rules of thumb"" can help prioritize choices that are more likely to reach a goal.\nAdversarial search is used for game-playing programs, such as chess or Go. It searches through a tree of possible moves and countermoves, looking for a winning position.'
 'Existential risk\nRecent public debates in artificial intelligence have increasingly focused on its broader societal and ethical implications. It has been argued AI will become so powerful that humanity may irreversibly lose control of it. This could, as physicist Stephen Hawking stated, ""spell the end of the human race"". This scenario has been common in science fiction, when a computer or robot suddenly develops a human-like ""self-awareness"" (or ""sentience"" or ""consciousness"") and becomes a malevolent character. These sci-fi scenarios are misleading in several ways.\nFirst, AI does not require human-like sentience to be an existential risk. Modern AI programs are given specific goals and use learning and intelligence to achieve them. Philosopher Nick Bostrom argued that if one gives almost any goal to a sufficiently powerful AI, it may choose to destroy humanity to achieve it (he used the example of an automated paperclip factory that destroys the world to get more iron for paperclips). Stuart Russell gives the example of household robot that tries to find a way to kill its owner to prevent it from being unplugged, reasoning that ""you can\'t fetch the coffee if you\'re dead."" In order to be safe for humanity, a superintelligence would have to be genuinely aligned with humanity\'s morality and values so that it is ""fundamentally on our side"".\nSecond, Yuval Noah Harari argues that AI does not require a robot body or physical control to pose an existential risk. The essential parts of civilization are not physical. Things like ideologies, law, government, money and the economy are built on language; they exist because there are stories that billions of people believe. The current prevalence of misinformation suggests that an AI could use language to convince people to believe anything, even to take actions that are destructive. Geoffrey Hinton said in 2025 that modern AI is particularly ""good at persuasion"" and getting better all the time. He asks, ""Suppose you wanted to invade the capital of the US. Do you have to go there and do it yourself? No. You just have to be good at persuasion.""'
 'Neat vs. scruffy\n""Neats"" hope that intelligent behavior is described using simple, elegant principles (such as logic, optimization, or neural networks). ""Scruffies"" expect that it necessarily requires solving a large number of unrelated problems. Neats defend their programs with theoretical rigor, scruffies rely mainly on incremental testing to see if they work. This issue was actively discussed in the 1970s and 1980s, but eventually was seen as irrelevant. Modern AI has elements of both.\n\nSoft vs. hard computing\nFinding a provably correct or optimal solution is intractable for many important problems. Soft computing is a set of techniques, including genetic algorithms, fuzzy logic and neural networks, that are tolerant of imprecision, uncertainty, partial truth and approximation. Soft computing was introduced in the late 1980s and most successful AI programs in the 21st century are examples of soft computing with neural networks.\n\nNarrow vs. general AI\nAI researchers are divided as to whether to pursue the goals of artificial general intelligence and superintelligence directly or to solve as many specific problems as possible (narrow AI) in hopes these solutions will lead indirectly to the field\'s long-term goals. General intelligence is difficult to define and difficult to measure, and modern AI has had more verifiable successes by focusing on specific problems with specific solutions. The sub-field of artificial general intelligence studies this area exclusively.\n\nMachine consciousness, sentience, and mind\nThere is no settled consensus in philosophy of mind on whether a machine can have a mind, consciousness and mental states in the same sense that human beings do. This issue considers the internal experiences of the machine, rather than its external behavior. Mainstream AI research considers this issue irrelevant because it does not affect the goals of the field: to build machines that can solve problems using intelligence. Russell and Norvig add that ""[t]he additional project of making a machine conscious in exactly the way humans are is not one that we are equipped to take on."" However, the question has become central to the philosophy of mind. It is also typically the central question at issue in artificial intelligence in fiction.']","AI is the simulation of human intelligence by computers, enabling tasks like visual perception, speech recognition, decision-making, and language translation.",,0.7729090571714582,,
What are the main types of AI?,"The main types of AI can be categorized into three main areas: 

1. Narrow vs. General AI: Narrow AI focuses on solving specific problems, while General AI aims to create machines that can perform any intellectual task that a human can.

2. Soft vs. Hard Computing: Soft computing involves techniques such as genetic algorithms, fuzzy logic, and neural networks that can tolerate imprecision and uncertainty, whereas hard computing involves traditional methods that require precise and exact solutions.

3. Neat vs. Scruffy: Neat AI involves simple and elegant principles, while Scruffy AI involves solving a large number of unrelated problems through incremental testing.","['Neat vs. scruffy\n""Neats"" hope that intelligent behavior is described using simple, elegant principles (such as logic, optimization, or neural networks). ""Scruffies"" expect that it necessarily requires solving a large number of unrelated problems. Neats defend their programs with theoretical rigor, scruffies rely mainly on incremental testing to see if they work. This issue was actively discussed in the 1970s and 1980s, but eventually was seen as irrelevant. Modern AI has elements of both.\n\nSoft vs. hard computing\nFinding a provably correct or optimal solution is intractable for many important problems. Soft computing is a set of techniques, including genetic algorithms, fuzzy logic and neural networks, that are tolerant of imprecision, uncertainty, partial truth and approximation. Soft computing was introduced in the late 1980s and most successful AI programs in the 21st century are examples of soft computing with neural networks.\n\nNarrow vs. general AI\nAI researchers are divided as to whether to pursue the goals of artificial general intelligence and superintelligence directly or to solve as many specific problems as possible (narrow AI) in hopes these solutions will lead indirectly to the field\'s long-term goals. General intelligence is difficult to define and difficult to measure, and modern AI has had more verifiable successes by focusing on specific problems with specific solutions. The sub-field of artificial general intelligence studies this area exclusively.\n\nMachine consciousness, sentience, and mind\nThere is no settled consensus in philosophy of mind on whether a machine can have a mind, consciousness and mental states in the same sense that human beings do. This issue considers the internal experiences of the machine, rather than its external behavior. Mainstream AI research considers this issue irrelevant because it does not affect the goals of the field: to build machines that can solve problems using intelligence. Russell and Norvig add that ""[t]he additional project of making a machine conscious in exactly the way humans are is not one that we are equipped to take on."" However, the question has become central to the philosophy of mind. It is also typically the central question at issue in artificial intelligence in fiction.'
 ""Artificial intelligence (AI) is the capability of computational systems to perform tasks typically associated with human intelligence, such as learning, reasoning, problem-solving, perception, and decision-making. It is a field of research in engineering, mathematics and computer science that develops and studies methods and software that enable machines to perceive their environment and use learning and intelligence to take actions that maximize their chances of achieving defined goals.\nHigh-profile applications of AI include advanced web search engines, chatbots, virtual assistants, autonomous vehicles, and play and analysis in strategy games (e.g., chess and Go). Since the 2020s, generative AI has become widely available to generate images, audio, and videos from text prompts.\nThe traditional goals of AI research include learning, reasoning, knowledge representation, planning, natural language processing, and perception, as well as support for robotics. To reach these goals, AI researchers have used techniques including state space search and mathematical optimization, formal logic, artificial neural networks, and methods based on statistics, operations research, and economics. AI also draws upon psychology, linguistics, philosophy, neuroscience, and other fields. Some companies, such as OpenAI, Google DeepMind and Meta, aim to create artificial general intelligence (AGI) – AI that can complete virtually any cognitive task at least as well as a human.\nArtificial intelligence was founded as an academic discipline in 1956, and the field went through multiple cycles of optimism throughout its history, followed by periods of disappointment and loss of funding, known as AI winters. Funding and interest increased substantially after 2012, when graphics processing units began being used to accelerate neural networks, and deep learning outperformed previous AI techniques. This growth accelerated further after 2017 with the transformer architecture. In the 2020s, an AI boom has coincided with advances in generative AI, which allowed for the creation and modification of media. In addition to AI safety and unintended consequences and harms from the use of AI, ethical concerns, AI's long-term effects, and potential existential risks have prompted discussions of AI regulation.""
 'Evaluating approaches to AI\nNo established unifying theory or paradigm has guided AI research for most of its history. The unprecedented success of statistical machine learning in the 2010s eclipsed all other approaches (so much so that some sources, especially in the business world, use the term ""artificial intelligence"" to mean ""machine learning with neural networks""). This approach is mostly sub-symbolic, soft and narrow.\n\nSymbolic AI and its limits\nSymbolic AI (or ""GOFAI"") simulated the high-level conscious reasoning that people use when they solve puzzles, express legal reasoning and do mathematics. It was highly successful at some ""intelligent"" tasks such as algebra or IQ tests. In 1976, Newell and Simon proposed the physical symbol systems hypothesis: ""A physical symbol system has the necessary and sufficient means of general intelligent action.""\nHowever, the symbolic approach failed on many tasks that humans solve easily, such as learning, recognizing an object or commonsense reasoning. Moravec\'s paradox is the discovery that high-level ""intelligent"" tasks were easy for AI, but low level ""instinctive"" tasks were extremely difficult. Philosopher Hubert Dreyfus had argued since the 1960s that human expertise depends on unconscious instinct rather than conscious symbol manipulation, and on having a ""feel"" for the situation, rather than explicit symbolic knowledge. Although his arguments had been ridiculed and ignored when they were first presented, eventually, AI research came to agree with him.\nThe issue is not resolved: sub-symbolic reasoning can make many of the same inscrutable mistakes that human intuition does, such as algorithmic bias. Critics such as Noam Chomsky argue continuing research into symbolic AI will still be necessary to attain general intelligence, in part because sub-symbolic AI is a move away from explainable AI: it can be difficult or impossible to understand why a modern statistical AI program made a particular decision. The emerging field of neuro-symbolic artificial intelligence attempts to bridge the two approaches.'
 'Probabilistic methods for uncertain reasoning\nMany problems in AI (including reasoning, planning, learning, perception, and robotics) require the agent to operate with incomplete or uncertain information. AI researchers have devised a number of tools to solve these problems using methods from probability theory and economics. Precise mathematical tools have been developed that analyze how an agent can make choices and plan, using decision theory, decision analysis, and information value theory. These tools include models such as Markov decision processes, dynamic decision networks, game theory and mechanism design.\nBayesian networks are a tool that can be used for reasoning (using the Bayesian inference algorithm), learning (using the expectation–maximization algorithm), planning (using decision networks) and perception (using dynamic Bayesian networks).\nProbabilistic algorithms can also be used for filtering, prediction, smoothing, and finding explanations for streams of data, thus helping perception systems analyze processes that occur over time (e.g., hidden Markov models or Kalman filters).\n\nClassifiers and statistical learning methods\nThe simplest AI applications can be divided into two types: classifiers (e.g., ""if shiny then diamond""), on one hand, and controllers (e.g., ""if diamond then pick up""), on the other hand. Classifiers are functions that use pattern matching to determine the closest match. They can be fine-tuned based on chosen examples using supervised learning. Each pattern (also called an ""observation"") is labeled with a certain predefined class. All the observations combined with their class labels are known as a data set. When a new observation is received, that observation is classified based on previous experience.\nThere are many kinds of classifiers in use. The decision tree is the simplest and most widely used symbolic machine learning algorithm. K-nearest neighbor algorithm was the most widely used analogical AI until the mid-1990s, and Kernel methods such as the support vector machine (SVM) displaced k-nearest neighbor in the 1990s.\nThe naive Bayes classifier is reportedly the ""most widely used learner"" at Google, due in part to its scalability.\nNeural networks are also used as classifiers.'
 'Perception\nMachine perception is the ability to use input from sensors (such as cameras, microphones, wireless signals, active lidar, sonar, radar, and tactile sensors) to deduce aspects of the world. Computer vision is the ability to analyze visual input.\nThe field includes speech recognition, image classification, facial recognition, object recognition, object tracking, and robotic perception.\n\nSocial intelligence\nAffective computing is a field that comprises systems that recognize, interpret, process, or simulate human feeling, emotion, and mood. For example, some virtual assistants are programmed to speak conversationally or even to banter humorously; it makes them appear more sensitive to the emotional dynamics of human interaction, or to otherwise facilitate human–computer interaction.\nHowever, this tends to give naïve users an unrealistic conception of the intelligence of existing computer agents. Moderate successes related to affective computing include textual sentiment analysis and, more recently, multimodal sentiment analysis, wherein AI classifies the effects displayed by a videotaped subject.\n\nGeneral intelligence\nA machine with artificial general intelligence would be able to solve a wide variety of problems with breadth and versatility similar to human intelligence.\n\nTechniques\nAI research uses a wide variety of techniques to accomplish the goals above.\n\nSearch and optimization\nThere are two different kinds of search used in AI: state space search and local search:\n\nState space search\nState space search searches through a tree of possible states to try to find a goal state. For example, planning algorithms search through trees of goals and subgoals, attempting to find a path to a target goal, a process called means-ends analysis.\nSimple exhaustive searches are rarely sufficient for most real-world problems: the search space (the number of places to search) quickly grows to astronomical numbers. The result is a search that is too slow or never completes. ""Heuristics"" or ""rules of thumb"" can help prioritize choices that are more likely to reach a goal.\nAdversarial search is used for game-playing programs, such as chess or Go. It searches through a tree of possible moves and countermoves, looking for a winning position.']","AI types include Narrow AI (task-specific), General AI (human-like intelligence), and Super AI (surpasses humans). Currently, only Narrow AI exists.",,0.8018829100829499,0.699999999965,1.0
What is the difference between AI and Machine Learning?,"Artificial Intelligence (AI) refers to the capability of computational systems to perform tasks typically associated with human intelligence, such as learning, reasoning, problem-solving, perception, and decision-making. Machine Learning (ML), on the other hand, is a field of study in AI concerned with the development and study of statistical algorithms that can learn from data and generalize to unseen data, and thus perform tasks without being explicitly programmed. In other words, AI is a broader field that encompasses ML, which is a specific approach to achieving AI through statistical algorithms and data-driven methods.","['Machine learning (ML) is a field of study in artificial intelligence concerned with the development and study of statistical algorithms that can learn from  data and generalize to unseen data, and thus perform tasks without being explicitly programmed. Advances in the field of deep learning have allowed neural networks, a class of statistical algorithms, to surpass many previous machine learning approaches in performance.\nStatistics and mathematical optimisation methods compose the foundations of machine learning. Data mining is a related field of study, focusing on exploratory data analysis (EDA) through unsupervised learning.\nFrom a theoretical viewpoint, probably approximately correct learning provides a mathematical and statistical framework for describing machine learning. Most traditional machine learning and deep learning algorithms can be described as empirical risk minimisation under this framework.'
 'Relationships to other fields\nArtificial intelligence\nAs a scientific endeavour, machine learning grew out of the quest for artificial intelligence (AI). In the early days of AI as an academic discipline, some researchers were interested in having machines learn from data. They attempted to approach the problem with various symbolic methods, as well as what were then termed ""neural networks""; these were mostly perceptrons and other models that were later found to be reinventions of the generalised linear models of statistics. Probabilistic reasoning was also employed, especially in automated medical diagnosis.\nHowever, an increasing emphasis on the logical, knowledge-based approach caused a rift between AI and machine learning. Probabilistic systems were plagued by theoretical and practical problems of data acquisition and representation. By 1980, expert systems had come to dominate AI, and statistics was out of favour. Work on symbolic/knowledge-based learning continued within AI, leading to inductive logic programming (ILP), but the more statistical line of research was now outside the field of AI proper, in pattern recognition and information retrieval. Neural network research was abandoned by AI and computer science around the same time. This subfield, termed ""connectionism"", was continued by researchers from other disciplines, including John Hopfield, David Rumelhart, and Geoffrey Hinton. Their main success came in the mid-1980s with the reinvention of backpropagation.\nMachine learning (ML), reorganised and recognised as its own field, started to flourish in the 1990s. The field changed its goal from achieving artificial intelligence to tackling solvable problems of a practical nature. It shifted focus away from the symbolic approaches it had inherited from AI, and toward methods and models borrowed from statistics, fuzzy logic, and probability theory.'
 'Evaluating approaches to AI\nNo established unifying theory or paradigm has guided AI research for most of its history. The unprecedented success of statistical machine learning in the 2010s eclipsed all other approaches (so much so that some sources, especially in the business world, use the term ""artificial intelligence"" to mean ""machine learning with neural networks""). This approach is mostly sub-symbolic, soft and narrow.\n\nSymbolic AI and its limits\nSymbolic AI (or ""GOFAI"") simulated the high-level conscious reasoning that people use when they solve puzzles, express legal reasoning and do mathematics. It was highly successful at some ""intelligent"" tasks such as algebra or IQ tests. In 1976, Newell and Simon proposed the physical symbol systems hypothesis: ""A physical symbol system has the necessary and sufficient means of general intelligent action.""\nHowever, the symbolic approach failed on many tasks that humans solve easily, such as learning, recognizing an object or commonsense reasoning. Moravec\'s paradox is the discovery that high-level ""intelligent"" tasks were easy for AI, but low level ""instinctive"" tasks were extremely difficult. Philosopher Hubert Dreyfus had argued since the 1960s that human expertise depends on unconscious instinct rather than conscious symbol manipulation, and on having a ""feel"" for the situation, rather than explicit symbolic knowledge. Although his arguments had been ridiculed and ignored when they were first presented, eventually, AI research came to agree with him.\nThe issue is not resolved: sub-symbolic reasoning can make many of the same inscrutable mistakes that human intuition does, such as algorithmic bias. Critics such as Noam Chomsky argue continuing research into symbolic AI will still be necessary to attain general intelligence, in part because sub-symbolic AI is a move away from explainable AI: it can be difficult or impossible to understand why a modern statistical AI program made a particular decision. The emerging field of neuro-symbolic artificial intelligence attempts to bridge the two approaches.'
 ""Artificial intelligence (AI) is the capability of computational systems to perform tasks typically associated with human intelligence, such as learning, reasoning, problem-solving, perception, and decision-making. It is a field of research in engineering, mathematics and computer science that develops and studies methods and software that enable machines to perceive their environment and use learning and intelligence to take actions that maximize their chances of achieving defined goals.\nHigh-profile applications of AI include advanced web search engines, chatbots, virtual assistants, autonomous vehicles, and play and analysis in strategy games (e.g., chess and Go). Since the 2020s, generative AI has become widely available to generate images, audio, and videos from text prompts.\nThe traditional goals of AI research include learning, reasoning, knowledge representation, planning, natural language processing, and perception, as well as support for robotics. To reach these goals, AI researchers have used techniques including state space search and mathematical optimization, formal logic, artificial neural networks, and methods based on statistics, operations research, and economics. AI also draws upon psychology, linguistics, philosophy, neuroscience, and other fields. Some companies, such as OpenAI, Google DeepMind and Meta, aim to create artificial general intelligence (AGI) – AI that can complete virtually any cognitive task at least as well as a human.\nArtificial intelligence was founded as an academic discipline in 1956, and the field went through multiple cycles of optimism throughout its history, followed by periods of disappointment and loss of funding, known as AI winters. Funding and interest increased substantially after 2012, when graphics processing units began being used to accelerate neural networks, and deep learning outperformed previous AI techniques. This growth accelerated further after 2017 with the transformer architecture. In the 2020s, an AI boom has coincided with advances in generative AI, which allowed for the creation and modification of media. In addition to AI safety and unintended consequences and harms from the use of AI, ethical concerns, AI's long-term effects, and potential existential risks have prompted discussions of AI regulation.""
 'Neat vs. scruffy\n""Neats"" hope that intelligent behavior is described using simple, elegant principles (such as logic, optimization, or neural networks). ""Scruffies"" expect that it necessarily requires solving a large number of unrelated problems. Neats defend their programs with theoretical rigor, scruffies rely mainly on incremental testing to see if they work. This issue was actively discussed in the 1970s and 1980s, but eventually was seen as irrelevant. Modern AI has elements of both.\n\nSoft vs. hard computing\nFinding a provably correct or optimal solution is intractable for many important problems. Soft computing is a set of techniques, including genetic algorithms, fuzzy logic and neural networks, that are tolerant of imprecision, uncertainty, partial truth and approximation. Soft computing was introduced in the late 1980s and most successful AI programs in the 21st century are examples of soft computing with neural networks.\n\nNarrow vs. general AI\nAI researchers are divided as to whether to pursue the goals of artificial general intelligence and superintelligence directly or to solve as many specific problems as possible (narrow AI) in hopes these solutions will lead indirectly to the field\'s long-term goals. General intelligence is difficult to define and difficult to measure, and modern AI has had more verifiable successes by focusing on specific problems with specific solutions. The sub-field of artificial general intelligence studies this area exclusively.\n\nMachine consciousness, sentience, and mind\nThere is no settled consensus in philosophy of mind on whether a machine can have a mind, consciousness and mental states in the same sense that human beings do. This issue considers the internal experiences of the machine, rather than its external behavior. Mainstream AI research considers this issue irrelevant because it does not affect the goals of the field: to build machines that can solve problems using intelligence. Russell and Norvig add that ""[t]he additional project of making a machine conscious in exactly the way humans are is not one that we are equipped to take on."" However, the question has become central to the philosophy of mind. It is also typically the central question at issue in artificial intelligence in fiction.']","AI is the broader field of creating intelligent systems, while Machine Learning is a subset focused on learning from data without explicit programming.",1.0,0.7898582583433106,0.99999999998,1.0
What are some real-world applications of AI?,"Some real-world applications of AI include:

1. Search engines (such as Google Search)
2. Targeting online advertisements
3. Recommendation systems (offered by Netflix, YouTube, or Amazon)
4. Virtual assistants (such as Siri or Alexa)
5. Autonomous vehicles (including drones, ADAS, and self-driving cars)
6. Automatic language translation (Microsoft Translator, Google Translate)
7. Facial recognition (Apple's FaceID or Microsoft's DeepFace and Google's FaceNet)
8. Image labeling (used by Facebook, Apple's Photos, and TikTok)
9. Chatbots
10. Health and medicine (e.g., AI-guided drug discovery, AlphaFold 2)
11. Evacuation and disaster management
12. Legal research (e.g., generative AI by law firms)
13. Military operations (e.g., command and control, communications, sensors)
14. Web search (e.g., Microsoft's Copilot Search, Google's AI Mode)
15. Sexuality (e.g., AI-enabled menstruation and fertility trackers, AI-integrated sex toys)","[""Hardware and software\nIn the late 2010s, graphics processing units (GPUs) that were increasingly designed with AI-specific enhancements and used with specialized TensorFlow software had replaced previously used central processing unit (CPUs) as the dominant means for large-scale (commercial and academic) machine learning models' training. Specialized programming languages such as Prolog were used in early AI research, but general-purpose programming languages like Python have become predominant.\nThe transistor density in integrated circuits has been observed to roughly double every 18 months—a trend known as Moore's law, named after the Intel co-founder Gordon Moore, who first identified it. Improvements in GPUs have been even faster, a trend sometimes called Huang's law, named after Nvidia co-founder and CEO Jensen Huang.\n\nApplications\nAI and machine learning technology is used in most of the essential applications of the 2020s, including:\n\nsearch engines (such as Google Search)\ntargeting online advertisements\nrecommendation systems (offered by Netflix, YouTube or Amazon) driving internet traffic\ntargeted advertising (AdSense, Facebook)\nvirtual assistants (such as Siri or Alexa)\nautonomous vehicles (including drones, ADAS and self-driving cars)\nautomatic language translation (Microsoft Translator, Google Translate)\nfacial recognition (Apple's FaceID or Microsoft's DeepFace and Google's FaceNet)\nimage labeling (used by Facebook, Apple's Photos and TikTok).\nThe deployment of AI may be overseen by a chief automation officer (CAO).\n\nAI-assisted software development\nChatbots\nHealth and medicine\nIt has been suggested that AI can overcome discrepancies in funding allocated to different fields of research.\nAlphaFold 2 (2021) demonstrated the ability to approximate, in hours rather than months, the 3D structure of a protein. In 2023, it was reported that AI-guided drug discovery helped find a class of antibiotics capable of killing two different types of drug-resistant bacteria. In 2024, researchers used machine learning to accelerate the search for Parkinson's disease drug treatments. Their aim was to identify compounds that block the clumping, or aggregation, of alpha-synuclein (the protein that characterises Parkinson's disease). They were able to speed up the initial screening process ten-fold and reduce the cost by a thousand-fold.""
 'Other industry-specific tasks\nIn a 2017 survey, one in five companies reported having incorporated ""AI"" in some offerings or processes. \nIn the field of evacuation and disaster management, AI has been used to investigate patterns in large-scale and small-scale evacuations using historical data from GPS, videos or social media.\nDuring the 2024 Indian elections, US$50 million was spent on authorized AI-generated content, notably by creating deepfakes of allied (including sometimes deceased) politicians to better engage with voters, and by translating speeches to various local languages.\nThe use of generative AI by law firms for legal research resulted in the creation of the global ""AI Hallucination Cases"" database, in April 2025, established by HEC Paris and Sciences Po legal data analysis lecturer Damien Charlotin. By 2026, judges had issued sanctions and bar associations had issued warnings due to attorney submissions to the courts containing fabricated case law citations hallucinated by AI tools.\n\nEthics\nAI has potential benefits and potential risks. AI may be able to advance science and find solutions for serious problems: Demis Hassabis of DeepMind hopes to ""solve intelligence, and then use that to solve everything else"". However, as the use of AI has become widespread, several unintended consequences and risks have been identified. In-production systems can sometimes not factor ethics and bias into their AI training processes, especially when the AI algorithms are inherently unexplainable in deep learning.'
 'Mathematics\nIn mathematics, probabilistic large language models are versatile, but can also produce wrong answers in the form of hallucinations. The Alibaba Group developed a version of its Qwen models called Qwen2-Math, that achieved state-of-the-art performance on several mathematical benchmarks, including 84% accuracy on the MATH dataset of competition mathematics problems. In January 2025, Microsoft proposed the technique rStar-Math that leverages Monte Carlo tree search and step-by-step reasoning, enabling a relatively small language model like Qwen-7B to solve 53% of the AIME 2024 and 90% of the MATH benchmark problems. Google DeepMind has developed models for solving mathematical problems: AlphaTensor, AlphaGeometry, AlphaProof, AlphaEvolve, and FunSearch.\nWhen natural language is used to describe mathematical problems, converters can transform such prompts into a formal language such as Lean to define mathematical tasks. The experimental model Gemini Deep Think accepts natural language prompts directly and achieved gold medal results in the International Math Olympiad of 2025.\nTopological deep learning integrates various topological approaches.\n\nFinance\nAccording to Nicolas Firzli, director of the World Pensions & Investments Forum, it may be too early to see the emergence of highly innovative AI-informed financial products and services. He argues that ""the deployment of AI tools will simply further automatise things: destroying tens of thousands of jobs in banking, financial planning, and pension advice in the process, but I\'m not sure it will unleash a new wave of [e.g., sophisticated] pension innovation.""\n\nMilitary\nVarious countries are deploying AI military applications. The main applications enhance command and control, communications, sensors, integration and interoperability. Research is targeting intelligence collection and analysis, logistics, cyber operations, information operations, and semiautonomous and autonomous vehicles. AI technologies enable coordination of sensors and effectors, threat detection and identification, marking of enemy positions, target acquisition, coordination and deconfliction of distributed Joint Fires between networked combat vehicles, both human-operated and autonomous.\nAI has been used in military operations in Iraq, Syria, Israel and Ukraine.'
 ""Artificial intelligence (AI) is the capability of computational systems to perform tasks typically associated with human intelligence, such as learning, reasoning, problem-solving, perception, and decision-making. It is a field of research in engineering, mathematics and computer science that develops and studies methods and software that enable machines to perceive their environment and use learning and intelligence to take actions that maximize their chances of achieving defined goals.\nHigh-profile applications of AI include advanced web search engines, chatbots, virtual assistants, autonomous vehicles, and play and analysis in strategy games (e.g., chess and Go). Since the 2020s, generative AI has become widely available to generate images, audio, and videos from text prompts.\nThe traditional goals of AI research include learning, reasoning, knowledge representation, planning, natural language processing, and perception, as well as support for robotics. To reach these goals, AI researchers have used techniques including state space search and mathematical optimization, formal logic, artificial neural networks, and methods based on statistics, operations research, and economics. AI also draws upon psychology, linguistics, philosophy, neuroscience, and other fields. Some companies, such as OpenAI, Google DeepMind and Meta, aim to create artificial general intelligence (AGI) – AI that can complete virtually any cognitive task at least as well as a human.\nArtificial intelligence was founded as an academic discipline in 1956, and the field went through multiple cycles of optimism throughout its history, followed by periods of disappointment and loss of funding, known as AI winters. Funding and interest increased substantially after 2012, when graphics processing units began being used to accelerate neural networks, and deep learning outperformed previous AI techniques. This growth accelerated further after 2017 with the transformer architecture. In the 2020s, an AI boom has coincided with advances in generative AI, which allowed for the creation and modification of media. In addition to AI safety and unintended consequences and harms from the use of AI, ethical concerns, AI's long-term effects, and potential existential risks have prompted discussions of AI regulation.""
 'Generative AI\nAgents\nAI agents are software entities designed to perceive their environment, make decisions, and take actions autonomously to achieve specific goals. These agents can interact with users, their environment, or other agents. AI agents are used in various applications, including virtual assistants, chatbots, autonomous vehicles, game-playing systems, and industrial robotics. AI agents operate within the constraints of their programming, available computational resources, and hardware limitations. This means they are restricted to performing tasks within their defined scope and have finite memory and processing capabilities. In real-world applications, AI agents often face time constraints for decision-making and action execution. Many AI agents incorporate learning algorithms, enabling them to improve their performance over time through experience or training. Using machine learning, AI agents can adapt to new situations and optimise their behaviour for their designated tasks.\n\nWeb search\nMicrosoft introduced Copilot Search in February 2023 under the name Bing Chat. Copilot Search provides AI-generated summaries.\nGoogle introduced an AI Mode at its Google I/O event on 20 May 2025.\n\nSexuality\nApplications of AI in this domain include AI-enabled menstruation and fertility trackers that analyze user data to offer predictions, AI-integrated sex toys (e.g., teledildonics), AI-generated sexual education content, and AI agents that simulate sexual and romantic partners (e.g., Replika). AI is also used for the production of non-consensual deepfake pornography, raising significant ethical and legal concerns.\nAI technologies have also been used to attempt to identify online gender-based violence and online sexual grooming of minors.']","AI applications include healthcare diagnosis, autonomous vehicles, fraud detection, chatbots, recommendation systems, and cybersecurity threat detection.",,0.8350515146601273,0.7499999999625,
What are the advantages of Artificial Intelligence?,"Artificial Intelligence (AI) has several advantages, including:

1. **Accelerated research**: AI can overcome discrepancies in funding allocated to different fields of research, and has been used to accelerate the search for solutions to complex problems, such as drug discovery and disease treatment.
2. **Improved accuracy**: AI can analyze large amounts of data and provide accurate results, such as in image labeling, facial recognition, and language translation.
3. **Increased efficiency**: AI can automate tasks, such as data processing and analysis, freeing up time for humans to focus on more complex tasks.
4. **Enhanced decision-making**: AI can provide insights and recommendations, enabling humans to make more informed decisions.
5. **Personalized experiences**: AI can be used to create personalized recommendations, such as in search engines, online advertisements, and virtual assistants.
6. **Improved healthcare**: AI can be used to accelerate the search for new medicines and treatments, and to improve patient outcomes.
7. **Autonomous systems**: AI can be used to control autonomous vehicles, drones, and other systems, improving safety and efficiency.
8. **Scientific advancements**: AI can be used to advance scientific knowledge, such as in the discovery of new proteins and the development of new materials.

Overall, AI has the potential to bring about significant benefits and improvements in various aspects of life, from healthcare and education to transportation and commerce.","[""Hardware and software\nIn the late 2010s, graphics processing units (GPUs) that were increasingly designed with AI-specific enhancements and used with specialized TensorFlow software had replaced previously used central processing unit (CPUs) as the dominant means for large-scale (commercial and academic) machine learning models' training. Specialized programming languages such as Prolog were used in early AI research, but general-purpose programming languages like Python have become predominant.\nThe transistor density in integrated circuits has been observed to roughly double every 18 months—a trend known as Moore's law, named after the Intel co-founder Gordon Moore, who first identified it. Improvements in GPUs have been even faster, a trend sometimes called Huang's law, named after Nvidia co-founder and CEO Jensen Huang.\n\nApplications\nAI and machine learning technology is used in most of the essential applications of the 2020s, including:\n\nsearch engines (such as Google Search)\ntargeting online advertisements\nrecommendation systems (offered by Netflix, YouTube or Amazon) driving internet traffic\ntargeted advertising (AdSense, Facebook)\nvirtual assistants (such as Siri or Alexa)\nautonomous vehicles (including drones, ADAS and self-driving cars)\nautomatic language translation (Microsoft Translator, Google Translate)\nfacial recognition (Apple's FaceID or Microsoft's DeepFace and Google's FaceNet)\nimage labeling (used by Facebook, Apple's Photos and TikTok).\nThe deployment of AI may be overseen by a chief automation officer (CAO).\n\nAI-assisted software development\nChatbots\nHealth and medicine\nIt has been suggested that AI can overcome discrepancies in funding allocated to different fields of research.\nAlphaFold 2 (2021) demonstrated the ability to approximate, in hours rather than months, the 3D structure of a protein. In 2023, it was reported that AI-guided drug discovery helped find a class of antibiotics capable of killing two different types of drug-resistant bacteria. In 2024, researchers used machine learning to accelerate the search for Parkinson's disease drug treatments. Their aim was to identify compounds that block the clumping, or aggregation, of alpha-synuclein (the protein that characterises Parkinson's disease). They were able to speed up the initial screening process ten-fold and reduce the cost by a thousand-fold.""
 ""Artificial intelligence (AI) is the capability of computational systems to perform tasks typically associated with human intelligence, such as learning, reasoning, problem-solving, perception, and decision-making. It is a field of research in engineering, mathematics and computer science that develops and studies methods and software that enable machines to perceive their environment and use learning and intelligence to take actions that maximize their chances of achieving defined goals.\nHigh-profile applications of AI include advanced web search engines, chatbots, virtual assistants, autonomous vehicles, and play and analysis in strategy games (e.g., chess and Go). Since the 2020s, generative AI has become widely available to generate images, audio, and videos from text prompts.\nThe traditional goals of AI research include learning, reasoning, knowledge representation, planning, natural language processing, and perception, as well as support for robotics. To reach these goals, AI researchers have used techniques including state space search and mathematical optimization, formal logic, artificial neural networks, and methods based on statistics, operations research, and economics. AI also draws upon psychology, linguistics, philosophy, neuroscience, and other fields. Some companies, such as OpenAI, Google DeepMind and Meta, aim to create artificial general intelligence (AGI) – AI that can complete virtually any cognitive task at least as well as a human.\nArtificial intelligence was founded as an academic discipline in 1956, and the field went through multiple cycles of optimism throughout its history, followed by periods of disappointment and loss of funding, known as AI winters. Funding and interest increased substantially after 2012, when graphics processing units began being used to accelerate neural networks, and deep learning outperformed previous AI techniques. This growth accelerated further after 2017 with the transformer architecture. In the 2020s, an AI boom has coincided with advances in generative AI, which allowed for the creation and modification of media. In addition to AI safety and unintended consequences and harms from the use of AI, ethical concerns, AI's long-term effects, and potential existential risks have prompted discussions of AI regulation.""
 'Other industry-specific tasks\nIn a 2017 survey, one in five companies reported having incorporated ""AI"" in some offerings or processes. \nIn the field of evacuation and disaster management, AI has been used to investigate patterns in large-scale and small-scale evacuations using historical data from GPS, videos or social media.\nDuring the 2024 Indian elections, US$50 million was spent on authorized AI-generated content, notably by creating deepfakes of allied (including sometimes deceased) politicians to better engage with voters, and by translating speeches to various local languages.\nThe use of generative AI by law firms for legal research resulted in the creation of the global ""AI Hallucination Cases"" database, in April 2025, established by HEC Paris and Sciences Po legal data analysis lecturer Damien Charlotin. By 2026, judges had issued sanctions and bar associations had issued warnings due to attorney submissions to the courts containing fabricated case law citations hallucinated by AI tools.\n\nEthics\nAI has potential benefits and potential risks. AI may be able to advance science and find solutions for serious problems: Demis Hassabis of DeepMind hopes to ""solve intelligence, and then use that to solve everything else"". However, as the use of AI has become widespread, several unintended consequences and risks have been identified. In-production systems can sometimes not factor ethics and bias into their AI training processes, especially when the AI algorithms are inherently unexplainable in deep learning.'
 'Substitution for human–human interaction\nWith the increase of loneliness in the early 21st century, AI is sometimes identified as a potential source of relief to this problem. It would be possible, via human-like qualities built into AI products, for individuals to assume that this need can be met by artificial means. In some cases, people approach artificial intelligence for companionship when they believe that they would not find acceptance due to feeling outcast. Examples of harm coming to humans from advanced chatbots have been reported in courts in the United States, with AI companies accused of creating products that endanger humans through emotional confusion or deception.'
 'Perception\nMachine perception is the ability to use input from sensors (such as cameras, microphones, wireless signals, active lidar, sonar, radar, and tactile sensors) to deduce aspects of the world. Computer vision is the ability to analyze visual input.\nThe field includes speech recognition, image classification, facial recognition, object recognition, object tracking, and robotic perception.\n\nSocial intelligence\nAffective computing is a field that comprises systems that recognize, interpret, process, or simulate human feeling, emotion, and mood. For example, some virtual assistants are programmed to speak conversationally or even to banter humorously; it makes them appear more sensitive to the emotional dynamics of human interaction, or to otherwise facilitate human–computer interaction.\nHowever, this tends to give naïve users an unrealistic conception of the intelligence of existing computer agents. Moderate successes related to affective computing include textual sentiment analysis and, more recently, multimodal sentiment analysis, wherein AI classifies the effects displayed by a videotaped subject.\n\nGeneral intelligence\nA machine with artificial general intelligence would be able to solve a wide variety of problems with breadth and versatility similar to human intelligence.\n\nTechniques\nAI research uses a wide variety of techniques to accomplish the goals above.\n\nSearch and optimization\nThere are two different kinds of search used in AI: state space search and local search:\n\nState space search\nState space search searches through a tree of possible states to try to find a goal state. For example, planning algorithms search through trees of goals and subgoals, attempting to find a path to a target goal, a process called means-ends analysis.\nSimple exhaustive searches are rarely sufficient for most real-world problems: the search space (the number of places to search) quickly grows to astronomical numbers. The result is a search that is too slow or never completes. ""Heuristics"" or ""rules of thumb"" can help prioritize choices that are more likely to reach a goal.\nAdversarial search is used for game-playing programs, such as chess or Go. It searches through a tree of possible moves and countermoves, looking for a winning position.']","AI advantages include faster data processing, 24/7 operation, automation of tasks, reduced human error, better decision-making, and personalized services.",,,0.99999999995,1.0
